Step Number,Number Cells,Step Time,Memory (MB),step_values,step_image,get_neighbors,move_parallel,temp
1,1000,3.3262652,153.20703125,0.013145800000000207,0.01744009999999996,0.24207120000000026,3.0467539,0.0016256999999999522
2,1000,0.2311899000000004,153.98828125,0.011886800000000086,0.017247000000000234,0.0009850000000000136,0.19719470000000072,0.0015289000000002773
